-- seed: catégories, produits, settings
INSERT OR IGNORE INTO categories (id, slug, label, short, description, sort_order) VALUES ('platres', 'platres', 'Plâtres', 'Plâtres', 'Plâtres de construction, finition et staff.', 0);
INSERT OR IGNORE INTO categories (id, slug, label, short, description, sort_order) VALUES ('plaques', 'plaques', 'Plaques & Carreaux', 'Plaques', 'Plaques BA13, hydrofuges et carreaux de plâtre.', 1);
INSERT OR IGNORE INTO categories (id, slug, label, short, description, sort_order) VALUES ('filasse', 'filasse', 'Filasse & Étanchéité', 'Filasse', 'Filasse de lin, étoupe et pâtes d’étanchéité.', 2);
INSERT OR IGNORE INTO categories (id, slug, label, short, description, sort_order) VALUES ('finition', 'finition', 'Finition & Accessoires', 'Finition', 'Bandes, enduits à joint, profilés et colles.', 3);
INSERT OR IGNORE INTO products (id, slug, category_id, name, format, desc_short, desc_long, featured, sort_order) VALUES ('platre-construction', 'platre-construction', 'platres', 'Plâtre de construction', 'Sac 25 kg', 'Gros plâtre pour cloisons, scellements et raccords.', 'Plâtre gros grain destiné aux travaux courants de cloisonnement, au scellement de boîtiers et aux raccords. Prise régulière et bonne accroche sur supports usuels.', 0, 0);
INSERT OR IGNORE INTO products (id, slug, category_id, name, format, desc_short, desc_long, featured, sort_order) VALUES ('platre-finition', 'platre-finition', 'platres', 'Plâtre de finition', 'Sac 25 kg', 'Enduit fin pour lissage et finition des surfaces.', 'Plâtre fin pour le lissage, le rebouchage et la finition soignée des murs et plafonds intérieurs. Surface prête à peindre après ponçage léger.', 1, 1);
INSERT OR IGNORE INTO products (id, slug, category_id, name, format, desc_short, desc_long, featured, sort_order) VALUES ('platre-projeter', 'platre-projeter', 'platres', 'Plâtre à projeter', 'Sac 30 kg', 'Formulé pour l’application mécanisée sur grandes surfaces.', 'Plâtre allégé adapté à la machine à projeter pour un rendement élevé sur les grandes surfaces. Temps de travail optimisé pour le dressage et le lissage.', 0, 2);
INSERT OR IGNORE INTO products (id, slug, category_id, name, format, desc_short, desc_long, featured, sort_order) VALUES ('platre-staff', 'platre-staff', 'platres', 'Plâtre à mouler / staff', 'Sac 25 kg', 'Plâtre dur pour moulures, corniches et éléments de staff.', 'Plâtre fin et dur pour le moulage, les corniches, rosaces et éléments décoratifs en staff. Finesse de grain et blancheur pour un rendu net.', 0, 3);
INSERT OR IGNORE INTO products (id, slug, category_id, name, format, desc_short, desc_long, featured, sort_order) VALUES ('plaque-ba13', 'plaque-ba13', 'plaques', 'Plaque de plâtre BA13', '2,5 × 1,2 m', 'Plaque standard pour cloisons et doublages intérieurs.', 'Plaque de plâtre standard 13 mm pour la réalisation de cloisons, doublages et plafonds en intérieur sec. Bords amincis pour un traitement de joint invisible.', 1, 4);
INSERT OR IGNORE INTO products (id, slug, category_id, name, format, desc_short, desc_long, featured, sort_order) VALUES ('plaque-hydro', 'plaque-hydro', 'plaques', 'Plaque hydrofuge', '2,5 × 1,2 m', 'Traitée anti-humidité, pour cuisines et salles de bain.', 'Plaque à âme hydrofuge pour les pièces humides : cuisines, salles de bain et buanderies. Reconnaissable à son parement traité contre l’humidité.', 0, 5);
INSERT OR IGNORE INTO products (id, slug, category_id, name, format, desc_short, desc_long, featured, sort_order) VALUES ('carreau-std', 'carreau-std', 'plaques', 'Carreau de plâtre', '66 × 50 cm', 'Carreau plein pour cloisons rapides et isolantes.', 'Carreau de plâtre plein à emboîtement pour monter rapidement des cloisons et gaines techniques, avec un bon confort acoustique et thermique.', 1, 6);
INSERT OR IGNORE INTO products (id, slug, category_id, name, format, desc_short, desc_long, featured, sort_order) VALUES ('carreau-hydro', 'carreau-hydro', 'plaques', 'Carreau hydrofuge', '66 × 50 cm', 'Carreau traité pour les pièces humides.', 'Carreau de plâtre hydrofuge teinté pour repérage, destiné aux cloisons des locaux humides. Montage rapide à la colle plâtre.', 0, 7);
INSERT OR IGNORE INTO products (id, slug, category_id, name, format, desc_short, desc_long, featured, sort_order) VALUES ('filasse-lin', 'filasse-lin', 'filasse', 'Filasse de lin', 'Pelote', 'Fibre de lin peignée pour l’étanchéité des raccords filetés.', 'Filasse de lin longue fibre, peignée, pour réaliser l’étanchéité des raccords filetés en plomberie et chauffage. À utiliser avec une pâte d’étanchéité.', 1, 8);
INSERT OR IGNORE INTO products (id, slug, category_id, name, format, desc_short, desc_long, featured, sort_order) VALUES ('etoupe-chanvre', 'etoupe-chanvre', 'filasse', 'Étoupe de chanvre', 'Botte', 'Fibre naturelle pour calfeutrage et étanchéité.', 'Étoupe de chanvre naturelle pour le calfeutrage, l’étanchéité et le bourrage. Fibre résistante et durable pour les travaux de plomberie traditionnels.', 0, 9);
INSERT OR IGNORE INTO products (id, slug, category_id, name, format, desc_short, desc_long, featured, sort_order) VALUES ('pate-etancheite', 'pate-etancheite', 'filasse', 'Pâte d’étanchéité', 'Pot', 'À appliquer avec la filasse pour une étanchéité durable.', 'Pâte à joint non durcissante à associer à la filasse pour garantir l’étanchéité des raccords filetés, eau et gaz. Application facile au pinceau ou à la main.', 0, 10);
INSERT OR IGNORE INTO products (id, slug, category_id, name, format, desc_short, desc_long, featured, sort_order) VALUES ('bande-joint', 'bande-joint', 'finition', 'Bande à joint', 'Rouleau', 'Traitement des joints entre plaques de plâtre.', 'Bande papier pour le traitement et le renforcement des joints entre plaques de plâtre. Limite la fissuration et assure une surface continue.', 0, 11);
INSERT OR IGNORE INTO products (id, slug, category_id, name, format, desc_short, desc_long, featured, sort_order) VALUES ('enduit-joint', 'enduit-joint', 'finition', 'Enduit à joint', 'Sac / Pot', 'Pour joints et finitions des plaques.', 'Enduit pour le collage des bandes, le traitement des joints et la finition des plaques de plâtre. Disponible en poudre à gâcher ou prêt à l’emploi.', 0, 12);
INSERT OR IGNORE INTO products (id, slug, category_id, name, format, desc_short, desc_long, featured, sort_order) VALUES ('corniere', 'corniere', 'finition', 'Cornière d’angle', 'Barre 2,5 m', 'Profilé de protection pour angles saillants.', 'Profilé métallique de protection et de dressage des angles saillants avant enduisage. Assure des arêtes droites et résistantes aux chocs.', 0, 13);
INSERT OR IGNORE INTO products (id, slug, category_id, name, format, desc_short, desc_long, featured, sort_order) VALUES ('colle-carreaux', 'colle-carreaux', 'finition', 'Colle pour carreaux', 'Sac 25 kg', 'Colle plâtre pour le montage des carreaux et plaques.', 'Colle à base de plâtre pour le montage des carreaux de plâtre et le collage des plaques de doublage. Forte adhérence et prise rapide.', 0, 14);
INSERT OR IGNORE INTO settings (key, value) VALUES ('whatsapp_number', '2250717593030');
INSERT OR IGNORE INTO settings (key, value) VALUES ('contact_phone', '+225 07 17 59 30 30');
INSERT OR IGNORE INTO settings (key, value) VALUES ('contact_email', 'contact@nsdpf.ci');
INSERT OR IGNORE INTO settings (key, value) VALUES ('contact_address', 'Abidjan, Côte d''Ivoire');
